{"init_params": {"cat_dims": [3, 5, 4, 10, 10, 10, 10, 9, 9], "cat_emb_dim": 1, "cat_idxs": [1, 2, 3, 5, 6, 7, 8, 9, 10], "clip_value": 1, "device_name": "auto", "epsilon": 1e-15, "gamma": 1.3, "input_dim": 23, "lambda_sparse": 0.001, "mask_type": "sparsemax", "momentum": 0.02, "n_a": 8, "n_d": 8, "n_indep_decoder": 1, "n_independent": 2, "n_shared": 2, "n_shared_decoder": 1, "n_steps": 3, "optimizer_params": {"lr": 0.02}, "output_dim": 2, "scheduler_params": {"step_size": 20, "gamma": 0.9}, "seed": 42, "verbose": 1}, "class_attrs": {"preds_mapper": {"0": 0, "1": 1}}}